item_id,order_id,product_id,quantity,unit_price,discount
1,883,84,3,6207.46,19.21
2,86,85,2,5249.4,1.89
3,863,96,1,2470.29,5.32
4,575,13,3,1632.86,4.67
5,251,33,5,3981.61,4.19
6,683,19,4,1636.47,12.35
7,567,86,2,9301.31,12.22
8,55,49,4,9325.34,0.74
9,400,80,4,9261.4,17.93
10,576,87,4,9436.13,11.13
11,327,57,4,6709.82,8.89
12,260,24,4,7998.41,16.55
13,973,19,3,784.12,13.84
14,447,66,2,3805.05,1.91
15,715,63,3,270.55,9.73
16,343,30,5,7139.09,0.23
17,831,52,2,7468.57,17.34
18,368,18,3,2905.45,9.02
19,6,67,3,3129.84,0.6
20,942,13,4,3990.07,2.91
21,335,64,2,2957.44,15.96
22,674,38,4,7344.96,2.68
23,357,61,5,8081.83,5.34
24,510,91,5,3305.1,5.87
25,717,78,2,9508.88,9.77
26,603,41,5,3051.0,8.07
27,150,14,1,7670.27,15.43
28,314,21,1,8272.09,3.83
29,785,87,2,7577.62,16.21
30,22,38,5,9203.14,8.94
31,677,34,5,8668.46,19.09
32,514,58,4,1952.14,7.06
33,684,83,3,4594.13,10.17
34,80,94,5,3372.73,16.58
35,203,31,4,3944.93,5.83
36,499,71,4,427.81,9.89
37,278,71,4,4936.49,17.24
38,80,16,2,117.73,14.69
39,683,58,1,5244.58,3.33
40,282,89,1,5308.96,3.39
41,308,53,4,9826.5,7.11
42,994,26,3,4426.46,9.26
43,566,83,5,6481.05,17.06
44,595,78,5,5855.59,14.93
45,155,52,2,2742.26,6.88
46,421,32,1,8353.49,3.03
47,622,69,4,3483.0,7.94
48,579,25,2,5368.18,2.23
49,618,90,3,5941.44,1.28
50,839,29,5,9487.22,1.51
51,358,45,3,5766.47,3.26
52,951,57,5,4284.76,14.18
53,965,71,3,8574.12,15.12
54,269,35,4,7899.19,13.76
55,653,76,5,6542.2,19.87
56,85,50,2,8288.15,5.66
57,635,21,1,9892.87,16.63
58,425,10,2,9242.71,19.9
59,687,57,4,7337.7,9.85
60,205,85,1,3553.03,7.66
61,14,99,2,4477.22,11.8
62,60,79,2,4161.43,17.88
63,114,38,5,5845.37,18.7
64,937,70,1,4177.52,14.0
65,773,32,3,2666.43,7.8
66,129,34,2,7837.83,3.82
67,712,41,3,8334.77,1.52
68,811,27,5,4832.74,1.24
69,85,80,4,4276.47,9.06
70,6,51,3,5206.84,17.25
71,18,86,4,3705.0,16.39
72,661,36,3,4464.93,0.07
73,626,15,3,5001.27,4.81
74,116,53,1,4477.82,10.49
75,715,27,2,8293.01,6.21
76,987,56,1,8169.93,13.83
77,521,2,1,4764.62,0.36
78,319,97,4,5902.99,15.51
79,359,53,5,9498.67,10.74
80,172,61,5,6788.61,14.92
81,688,71,1,6500.41,9.85
82,336,60,4,3405.36,18.48
83,367,26,2,6742.36,9.21
84,217,25,3,5043.66,15.71
85,820,29,4,6044.65,2.73
86,447,67,5,975.85,4.95
87,707,34,2,2489.41,18.12
88,458,17,4,9224.96,14.1
89,144,40,2,9560.79,18.68
90,557,70,3,3718.12,6.44
91,543,2,2,9041.46,0.23
92,822,28,1,7076.3,18.32
93,342,32,2,9308.59,4.2
94,213,30,4,6053.22,18.76
95,725,45,1,3863.35,5.73
96,208,85,3,6993.22,10.31
97,631,84,3,8365.45,17.35
98,661,21,5,6679.13,12.3
99,637,61,1,5467.52,9.07
100,261,48,5,7903.19,11.11
101,143,16,3,3508.32,19.15
102,358,99,1,4048.83,13.43
103,649,97,5,8924.3,2.16
104,596,20,3,6419.86,10.28
105,614,6,2,3855.07,0.32
106,182,100,5,351.31,7.04
107,491,19,4,3777.37,17.21
108,833,12,3,9652.0,2.91
109,444,59,5,6621.1,15.71
110,605,100,3,6330.57,11.41
111,833,90,5,1717.52,11.31
112,228,64,1,9728.16,6.09
113,938,39,1,4607.84,12.5
114,167,16,1,9380.39,9.34
115,724,69,4,3463.57,1.11
116,694,97,5,5733.57,11.91
117,963,87,5,5510.6,3.56
118,804,16,4,1264.65,14.44
119,769,25,3,3394.8,9.71
120,290,9,1,2063.14,13.13
121,278,81,4,9737.48,13.82
122,109,90,4,2504.11,1.24
123,462,69,2,9833.92,4.69
124,418,56,3,616.46,7.89
125,430,17,4,5700.43,13.5
126,324,77,2,5950.05,17.71
127,561,32,2,1795.44,8.59
128,720,93,5,9011.64,14.72
129,993,22,1,5662.68,5.2
130,10,78,5,3229.41,14.63
131,122,7,4,4423.65,5.96
132,237,31,4,587.41,14.64
133,966,36,5,75.14,14.01
134,121,88,1,8088.05,12.08
135,16,63,2,7260.38,0.48
136,258,36,2,7956.65,13.15
137,484,81,1,4022.35,17.51
138,710,5,1,6409.1,9.85
139,699,98,1,8637.54,14.83
140,15,85,1,8928.54,6.86
141,473,46,2,3901.07,19.19
142,27,66,4,4530.18,19.8
143,262,40,2,62.13,5.69
144,43,28,1,4577.49,19.63
145,112,93,5,2029.47,16.17
146,288,10,1,499.77,19.96
147,530,54,2,6047.79,16.03
148,380,91,2,8948.05,17.74
149,243,51,2,9307.73,18.17
150,203,2,1,3377.51,0.54
151,873,24,2,1275.91,10.25
152,190,13,2,5914.24,4.45
153,779,76,5,7328.95,0.64
154,150,47,3,6615.1,18.81
155,413,98,4,3039.49,12.39
156,846,49,1,4047.63,17.92
157,569,2,5,9212.22,6.63
158,51,98,3,4564.36,7.11
159,448,71,2,3120.62,11.46
160,261,71,3,973.35,4.17
161,669,76,1,58.4,3.33
162,254,17,4,1979.02,9.57
163,133,45,2,1735.86,3.16
164,774,75,1,6028.78,18.45
165,522,85,4,9508.79,11.72
166,427,75,3,1303.66,10.29
167,753,35,4,9808.69,10.45
168,595,37,1,925.55,14.63
169,629,4,5,9293.31,4.89
170,661,74,3,1257.22,11.65
171,125,78,1,1402.0,6.57
172,754,54,2,8214.33,11.75
173,721,42,4,2407.25,14.74
174,331,85,4,9471.96,9.12
175,151,56,1,5764.43,13.69
176,557,73,3,1113.0,0.93
177,395,6,5,2132.33,3.93
178,492,54,2,7423.4,9.65
179,52,83,3,6011.11,13.05
180,273,72,2,8481.6,6.86
181,917,61,3,9419.23,14.81
182,172,59,4,261.24,14.59
183,945,58,2,4989.26,7.29
184,834,60,2,3939.75,17.6
185,370,86,3,4885.84,16.13
186,187,7,2,5855.42,12.74
187,38,32,2,5064.91,7.09
188,231,28,5,4511.17,10.03
189,81,98,3,9237.74,10.5
190,588,37,2,2333.79,8.7
191,808,32,3,9445.84,5.53
192,396,90,5,4018.96,0.51
193,88,25,4,9957.55,17.01
194,499,24,1,5591.35,10.28
195,731,35,5,4529.78,4.72
196,831,99,5,5965.29,13.93
197,576,36,4,3443.08,5.64
198,602,87,1,6744.91,11.42
199,862,4,5,4836.91,12.57
200,613,39,1,765.17,17.5
201,236,93,2,4522.29,11.88
202,176,61,4,472.12,0.81
203,543,68,5,5292.4,13.7
204,298,79,5,8032.97,5.52
205,814,8,3,4573.67,16.54
206,837,28,2,3279.27,4.43
207,705,75,1,5646.29,11.93
208,650,10,2,9033.5,6.42
209,304,22,3,3161.7,6.5
210,304,92,5,980.83,1.79
211,846,52,5,2164.45,7.26
212,555,71,3,262.29,10.94
213,894,8,4,5616.61,3.76
214,334,41,4,2307.08,5.02
215,937,30,4,6032.37,7.66
216,316,85,4,7134.14,13.02
217,691,13,1,3218.3,6.74
218,297,67,4,7381.82,15.02
219,625,17,3,3241.19,16.5
220,173,28,3,9330.92,14.02
221,591,100,2,3669.06,17.18
222,786,96,2,8679.91,9.06
223,461,23,3,2426.16,5.13
224,170,29,1,7118.2,4.46
225,932,68,2,6385.69,7.67
226,363,77,4,1848.53,13.82
227,515,14,3,3666.49,0.82
228,803,82,3,9702.69,2.63
229,520,42,4,6264.4,2.43
230,325,39,1,8701.09,16.6
231,735,27,3,8189.78,7.6
232,959,4,4,2861.33,19.15
233,758,77,1,7649.71,2.25
234,772,64,2,1369.22,5.82
235,673,99,1,2889.6,13.19
236,402,56,3,2634.32,2.43
237,946,45,1,76.27,3.64
238,798,72,1,4933.49,6.43
239,838,21,1,2810.31,13.54
240,515,64,4,9620.68,4.15
241,79,41,4,614.8,5.68
242,124,56,3,155.05,4.86
243,162,68,1,8792.91,5.96
244,347,81,4,6608.45,19.69
245,609,6,5,1394.21,0.63
246,896,15,1,3643.46,7.66
247,648,44,3,3603.0,9.2
248,698,24,5,6326.81,7.01
249,277,68,1,3644.95,6.06
250,413,15,2,6885.32,8.2
251,755,63,2,9366.0,13.25
252,193,39,2,5993.14,2.6
253,5,58,1,9143.86,0.77
254,9,29,3,6836.17,16.39
255,799,53,5,3244.06,17.78
256,790,48,2,4283.04,17.26
257,177,26,2,1275.05,6.21
258,84,73,2,6528.27,15.08
259,409,7,4,1508.59,13.71
260,50,73,5,8179.58,9.63
261,192,92,2,3855.58,5.88
262,908,71,4,6244.69,16.79
263,293,53,1,8533.85,6.45
264,755,79,5,109.23,6.83
265,315,86,5,2400.24,16.75
266,836,96,5,2233.29,14.78
267,985,28,2,7225.65,5.52
268,343,86,1,1868.32,8.68
269,340,81,4,4307.65,15.17
270,476,33,2,594.19,9.81
271,350,93,3,87.32,18.09
272,891,1,4,8140.42,16.26
273,499,17,5,3218.96,1.6
274,677,83,2,6795.22,6.57
275,574,5,4,642.03,8.76
276,865,53,4,7256.92,4.64
277,472,83,4,1326.01,17.32
278,19,91,3,1157.54,9.43
279,824,40,1,7589.07,4.15
280,395,82,4,230.96,18.35
281,179,34,1,6699.08,12.9
282,79,61,1,328.44,6.71
283,136,5,3,6361.37,2.76
284,674,14,2,9373.86,3.48
285,87,18,4,3901.9,6.79
286,158,95,1,9288.61,9.94
287,168,49,1,1062.84,6.85
288,399,3,4,3460.25,11.34
289,862,5,4,6175.56,13.54
290,902,28,4,3711.16,16.45
291,139,65,2,8702.7,1.33
292,416,64,1,8569.3,7.54
293,922,73,2,6262.5,12.12
294,925,6,2,376.43,2.04
295,889,63,2,1646.62,16.39
296,782,3,1,4287.1,3.2
297,8,3,1,9979.72,6.02
298,772,72,4,639.79,0.08
299,370,49,3,7709.42,6.41
300,196,6,2,9630.21,11.39
301,201,73,1,1151.77,5.62
302,374,13,5,8762.01,18.81
303,7,9,1,3891.86,16.61
304,115,6,2,7730.07,5.06
305,566,20,3,5556.64,10.35
306,690,51,1,5475.08,9.71
307,749,21,3,4473.28,14.68
308,956,40,3,4961.41,18.04
309,56,8,5,1259.75,5.51
310,543,49,5,4073.67,11.01
311,682,17,3,5811.16,11.8
312,710,58,4,8981.23,12.09
313,253,62,3,8864.09,6.33
314,115,52,4,6085.74,8.16
315,366,44,2,8527.08,10.48
316,656,19,4,2442.7,12.37
317,915,1,2,4339.26,15.62
318,398,5,1,2215.53,18.16
319,361,46,2,728.18,11.39
320,289,89,4,4602.41,19.82
321,805,38,3,8035.6,11.9
322,325,68,2,1025.48,11.55
323,93,37,5,1145.85,18.29
324,662,25,2,4634.96,19.29
325,40,10,5,7750.97,8.32
326,527,4,2,5290.24,18.8
327,577,76,1,875.79,11.91
328,401,86,5,55.08,15.69
329,836,69,5,3629.23,9.19
330,511,76,2,5858.12,10.61
331,913,2,2,8472.84,9.98
332,807,18,1,6512.47,15.01
333,318,5,2,5256.71,13.24
334,79,33,4,6294.62,9.2
335,65,47,1,7790.43,2.11
336,357,1,4,7745.41,13.51
337,882,31,3,5497.78,1.36
338,11,13,4,970.95,9.98
339,177,51,5,4024.09,15.83
340,595,22,5,9925.01,16.37
341,330,40,3,1287.2,12.04
342,880,57,2,244.97,14.29
343,194,82,3,7970.12,0.12
344,818,89,5,1189.05,2.62
345,962,70,1,465.82,8.35
346,287,96,2,2471.09,14.94
347,291,71,3,2642.86,17.54
348,698,8,5,139.66,11.08
349,832,36,5,8807.27,5.1
350,853,43,5,579.65,9.15
351,380,1,4,2665.1,16.28
352,111,65,3,9219.01,0.01
353,825,47,1,7506.21,4.57
354,946,13,5,7637.19,17.9
355,705,60,3,6723.76,19.65
356,74,28,3,1236.05,2.2
357,189,29,1,1446.48,0.97
358,891,95,1,3217.11,12.32
359,705,100,3,7394.81,17.32
360,353,38,4,9404.6,7.91
361,665,26,3,5672.73,2.42
362,812,88,1,8575.92,15.94
363,423,55,4,5779.96,5.84
364,372,83,3,4725.14,0.63
365,418,76,3,8079.32,1.6
366,212,13,3,2495.16,17.16
367,650,50,1,7447.4,8.42
368,418,65,2,8717.01,8.95
369,416,25,2,4806.64,16.35
370,465,56,5,8005.53,16.23
371,235,44,5,2529.85,6.22
372,629,25,4,2109.52,1.65
373,99,4,2,5552.99,8.28
374,805,8,3,218.85,5.72
375,110,78,3,6357.16,13.83
376,199,56,2,9734.95,9.41
377,514,33,4,6748.02,12.02
378,280,56,2,8647.34,5.64
379,753,36,1,2587.93,15.14
380,325,40,5,1812.34,18.23
381,405,30,4,3453.6,11.34
382,910,10,2,6486.81,14.4
383,456,53,5,508.77,11.54
384,203,50,2,9962.24,6.22
385,398,91,4,5114.23,11.33
386,943,95,1,5166.77,9.98
387,704,87,2,7439.92,3.26
388,478,61,2,9531.53,5.79
389,893,8,1,8211.4,8.73
390,253,45,3,7139.0,12.33
391,629,33,1,7429.65,4.61
392,167,18,1,2726.1,11.55
393,603,13,3,5370.2,5.14
394,862,27,3,5545.15,3.77
395,517,20,3,5524.76,15.19
396,987,85,2,4910.92,13.49
397,378,6,1,8853.13,13.51
398,208,33,4,9641.14,8.74
399,5,32,1,3201.2,5.64
400,256,77,4,4412.08,19.79
401,309,26,5,5224.26,15.93
402,399,21,2,4876.78,3.83
403,916,92,2,9200.68,7.59
404,802,11,4,3701.33,1.87
405,493,3,2,9612.62,12.23
406,130,26,3,896.59,16.87
407,844,27,3,5219.07,4.01
408,579,2,4,5562.23,15.25
409,997,21,1,823.59,2.58
410,516,59,4,5355.39,1.26
411,99,60,1,823.49,9.91
412,559,92,3,6556.21,0.28
413,492,44,1,244.17,12.62
414,630,97,5,6217.17,12.86
415,882,87,4,2717.21,14.66
416,908,5,3,3547.66,18.03
417,664,79,1,5892.45,7.82
418,36,18,4,3012.78,17.95
419,376,32,4,382.71,2.41
420,145,97,5,2280.86,1.49
421,746,90,2,5506.2,13.5
422,247,91,2,9415.41,8.43
423,679,68,5,7735.15,2.27
424,330,54,4,1743.85,6.08
425,572,84,1,9858.24,9.8
426,437,58,2,9115.3,16.52
427,70,78,1,7295.15,13.02
428,161,62,4,4946.7,19.91
429,63,1,4,2406.76,13.95
430,400,36,5,2828.27,17.41
431,598,3,3,2965.93,7.55
432,315,97,3,9681.04,6.3
433,262,84,4,4421.57,10.67
434,542,16,4,6545.54,12.7
435,118,43,5,6839.03,8.76
436,271,13,2,5525.97,14.0
437,965,1,1,9424.99,10.26
438,846,12,5,3959.94,5.17
439,114,100,1,1269.06,3.84
440,257,42,1,229.35,7.6
441,563,2,3,3881.58,4.29
442,442,32,3,4509.5,16.1
443,751,20,2,407.7,3.61
444,133,79,3,9202.1,18.86
445,591,88,4,3406.16,2.61
446,30,14,2,8948.51,10.47
447,23,96,2,5656.64,17.76
448,728,17,2,1852.27,0.63
449,206,28,2,7820.56,13.2
450,751,19,2,8381.16,18.68
451,660,4,3,2110.05,8.93
452,562,34,5,9095.09,18.87
453,786,36,3,4156.29,11.93
454,914,67,5,3546.96,2.84
455,800,3,1,5503.43,9.58
456,309,10,1,2856.89,19.78
457,107,74,5,2234.19,5.05
458,172,48,3,3313.82,4.78
459,174,49,5,6198.14,19.12
460,61,79,4,1676.18,13.44
461,348,65,3,1130.98,11.47
462,368,41,2,2919.91,14.23
463,769,79,5,50.48,4.63
464,946,29,4,6445.46,12.57
465,848,75,1,4577.49,15.16
466,75,89,4,8610.58,10.01
467,765,33,5,3524.54,18.88
468,845,38,3,2976.56,18.71
469,284,62,2,2364.89,10.6
470,964,31,2,1877.77,12.38
471,304,80,3,7806.94,6.93
472,581,33,1,4598.6,9.16
473,959,16,4,3791.76,5.82
474,97,43,4,7328.46,13.61
475,190,58,3,3950.69,17.42
476,504,96,5,1224.88,10.65
477,812,48,5,1171.65,19.98
478,293,20,1,7301.17,14.4
479,436,22,3,3855.85,1.49
480,876,73,2,2540.67,14.4
481,966,39,4,6016.17,4.75
482,77,24,4,1540.35,11.85
483,88,57,1,8729.01,16.24
484,673,15,2,3482.22,16.77
485,309,89,1,8210.54,5.22
486,670,35,3,4941.93,4.7
487,372,39,3,3378.59,4.26
488,435,29,3,1864.66,1.96
489,247,31,2,236.7,19.45
490,106,88,5,316.69,14.37
491,725,78,4,5633.3,14.96
492,333,7,2,5542.44,18.46
493,920,12,3,4402.05,15.83
494,823,97,3,9847.86,7.86
495,638,15,3,2478.16,9.32
496,263,9,5,5360.67,2.42
497,367,66,4,7786.27,4.61
498,115,11,3,1448.63,14.77
499,873,57,4,7882.22,11.94
500,479,11,4,7218.51,16.14
501,934,26,1,9370.21,18.84
502,21,98,3,2844.86,2.72
503,377,85,2,7289.14,6.67
504,174,2,2,5710.91,14.75
505,942,39,5,2165.93,2.85
506,377,2,3,6125.2,2.33
507,687,55,1,3846.5,16.04
508,695,81,5,2267.92,11.08
509,614,82,4,3788.37,2.32
510,330,96,1,1461.45,13.39
511,962,23,1,2554.15,17.57
512,202,93,2,6524.85,10.68
513,970,26,4,4483.96,1.82
514,386,48,5,8645.52,10.43
515,138,71,1,4605.9,12.81
516,807,100,3,5140.05,11.95
517,839,9,2,5031.29,11.05
518,73,51,4,5910.73,8.35
519,997,84,5,7457.9,0.81
520,615,89,5,9142.1,2.97
521,183,5,3,4875.39,17.54
522,265,85,2,192.87,8.1
523,353,38,3,9376.64,12.52
524,863,4,4,9463.44,2.36
525,284,50,2,2036.52,7.77
526,767,8,4,5429.32,14.63
527,603,52,4,3811.88,18.72
528,17,66,1,4350.85,18.92
529,602,49,1,1741.25,9.67
530,223,32,2,7230.64,0.3
531,86,22,1,2570.55,14.05
532,662,61,5,6468.08,12.95
533,630,100,4,6112.31,17.19
534,976,76,2,3540.46,9.89
535,351,53,3,5897.26,8.34
536,720,99,3,9768.35,19.82
537,573,7,4,4220.86,11.61
538,283,97,3,1802.15,14.46
539,29,32,2,6901.49,11.19
540,871,70,3,5894.54,16.84
541,632,22,5,2539.85,12.94
542,295,92,5,4570.36,2.36
543,907,68,4,2021.16,17.84
544,744,84,1,2338.75,7.25
545,909,75,5,5833.84,3.93
546,56,63,2,3606.01,2.05
547,226,53,3,8087.27,10.14
548,2,60,4,4448.27,7.13
549,622,97,4,8998.08,4.28
550,594,83,2,483.63,13.19
551,315,79,4,4319.05,19.62
552,418,82,4,8254.53,15.03
553,855,74,4,192.69,16.85
554,641,94,1,256.12,10.04
555,411,94,5,7542.5,5.12
556,25,67,5,794.39,15.91
557,83,66,4,5181.01,16.24
558,816,47,5,5659.4,15.24
559,430,82,5,832.68,0.3
560,367,60,2,6230.05,4.1
561,491,29,4,8218.22,14.5
562,249,30,3,1524.53,10.17
563,706,44,1,3377.12,9.46
564,790,5,1,7305.89,16.41
565,442,97,5,3002.2,8.19
566,469,73,3,9970.99,8.31
567,531,70,4,1378.79,3.87
568,931,86,4,7785.18,15.12
569,482,37,4,5465.1,10.19
570,544,51,2,1273.91,9.83
571,910,71,3,2057.39,8.87
572,28,50,2,169.42,6.73
573,112,87,2,2469.64,13.93
574,176,30,4,6039.32,2.43
575,573,56,3,4887.23,1.03
576,195,46,3,4435.28,6.76
577,217,59,5,8318.6,16.45
578,16,86,5,2834.53,11.9
579,224,48,5,9048.61,3.62
580,387,77,3,8877.66,5.99
581,440,38,4,3376.75,8.45
582,271,33,1,6460.86,10.28
583,420,75,2,2737.72,1.78
584,147,98,4,55.37,13.57
585,173,35,5,7351.99,4.53
586,708,100,5,6180.91,19.23
587,439,27,1,3173.52,3.48
588,809,63,4,7628.17,2.54
589,569,36,3,7096.88,2.41
590,470,76,3,2417.37,15.69
591,810,66,5,8400.59,18.67
592,546,27,1,5419.48,16.84
593,696,42,1,1085.82,0.38
594,229,24,3,8052.75,19.28
595,418,36,5,1178.83,11.85
596,347,71,3,6463.05,17.04
597,537,73,2,3598.88,4.21
598,53,39,4,7341.99,18.12
599,537,20,1,1824.72,10.7
600,695,24,5,7667.35,15.95
601,850,93,3,1052.71,19.36
602,275,45,2,5007.95,13.7
603,972,76,5,6925.98,0.71
604,567,90,4,9811.64,0.84
605,670,91,5,1014.34,11.88
606,580,68,2,3942.15,8.43
607,775,21,4,9845.95,19.53
608,710,40,4,5489.83,11.32
609,281,73,4,4503.46,12.87
610,459,81,3,3361.29,5.34
611,233,18,3,236.6,9.94
612,431,62,2,4829.85,19.42
613,571,86,3,202.82,9.77
614,72,15,2,6962.8,3.41
615,737,46,1,548.55,12.15
616,215,49,1,6814.77,6.86
617,608,54,2,1030.92,19.8
618,843,54,1,9708.6,11.08
619,721,35,5,9955.65,18.72
620,571,33,3,2386.52,19.14
621,768,82,1,9683.75,17.94
622,176,6,5,6435.07,9.31
623,715,12,4,4434.4,6.54
624,92,60,3,5763.0,6.69
625,688,80,1,1817.91,7.73
626,216,42,1,9744.82,1.71
627,394,52,1,1726.33,14.27
628,807,31,1,1299.28,16.13
629,986,11,3,507.9,18.8
630,980,5,5,3926.28,9.09
631,459,97,2,6873.67,4.1
632,80,64,4,7991.82,10.65
633,761,6,1,3054.69,14.17
634,200,38,2,9611.53,12.4
635,617,88,4,3279.6,10.89
636,613,89,2,391.11,15.07
637,597,35,4,2541.91,6.29
638,385,1,3,3274.01,3.1
639,760,69,5,2478.27,6.7
640,307,66,2,2838.57,17.33
641,3,73,5,1341.1,14.95
642,496,59,4,9745.96,6.31
643,263,37,3,8731.26,2.95
644,47,85,3,8796.76,2.39
645,304,73,3,7351.84,12.62
646,68,60,4,2331.22,10.83
647,741,1,2,6981.0,3.47
648,667,96,3,1608.64,3.01
649,754,47,4,1196.17,6.27
650,15,80,1,6230.07,12.23
651,477,74,5,1926.79,3.22
652,393,59,4,8208.67,19.15
653,195,59,1,159.52,15.2
654,432,61,4,5441.87,15.52
655,689,53,2,7885.68,0.43
656,965,95,1,824.59,0.74
657,912,99,1,9462.54,1.17
658,509,99,4,3523.8,10.62
659,289,71,4,771.07,2.33
660,124,99,2,4261.07,15.66
661,927,28,2,8153.48,18.17
662,763,81,3,9876.91,8.01
663,770,12,5,3781.05,9.51
664,985,17,2,8608.85,6.56
665,532,8,4,2255.6,2.96
666,121,1,2,7493.58,9.55
667,221,8,1,8304.47,1.47
668,918,72,4,4854.51,4.53
669,65,64,3,6541.9,14.97
670,576,78,4,1420.8,11.59
671,898,25,1,7851.38,3.55
672,451,47,1,3324.66,13.57
673,400,19,4,5127.02,2.93
674,844,96,2,3809.94,11.81
675,195,12,1,5153.17,7.89
676,268,20,5,7023.63,14.75
677,282,75,2,3302.19,5.43
678,956,66,4,1563.7,10.68
679,354,96,3,7273.54,19.59
680,810,23,4,2084.97,1.66
681,705,82,4,3485.12,3.67
682,231,29,5,2618.06,7.99
683,242,27,5,4475.88,9.04
684,752,33,2,8808.08,3.01
685,876,78,1,9814.07,16.21
686,832,67,2,7262.98,18.74
687,982,24,1,4512.34,16.1
688,49,78,5,8888.8,2.95
689,764,41,1,6077.62,16.04
690,696,34,2,1895.51,4.22
691,940,23,1,1932.98,14.18
692,822,30,5,7877.75,5.57
693,774,67,3,842.92,9.17
694,137,5,3,452.32,19.65
695,152,82,1,3876.15,16.39
696,567,52,3,8387.83,17.04
697,961,65,4,3666.48,19.33
698,935,46,5,6976.67,15.26
699,764,55,3,8677.73,7.03
700,651,43,1,2065.57,4.94
701,249,50,2,9000.41,17.31
702,479,38,1,4087.02,8.47
703,635,41,4,2939.48,6.61
704,824,57,1,37.58,19.84
705,776,53,4,4365.25,10.86
706,453,62,1,6689.45,14.38
707,200,96,1,7498.28,1.86
708,901,94,4,3358.12,7.34
709,334,46,3,636.95,2.98
710,537,22,1,9370.59,3.64
711,738,73,5,1731.64,16.84
712,950,53,5,5874.82,12.48
713,61,24,3,2492.52,12.39
714,117,79,1,8156.12,1.12
715,658,28,5,2665.63,2.91
716,284,43,5,2610.82,5.4
717,207,13,2,4580.35,3.38
718,751,47,5,4365.23,17.42
719,703,44,2,8581.59,18.16
720,589,11,2,6413.79,5.68
721,477,36,3,407.51,8.47
722,111,63,5,2521.09,8.31
723,173,8,3,1965.27,2.05
724,126,20,3,2768.35,13.15
725,351,60,2,483.4,11.46
726,303,29,4,9271.75,17.24
727,875,58,1,2599.14,8.49
728,832,74,2,4188.94,15.24
729,228,58,3,9837.12,2.79
730,342,5,1,9737.48,10.72
731,544,46,4,6940.06,2.74
732,724,64,5,5559.38,16.31
733,641,88,5,2731.28,4.19
734,573,31,1,7759.58,11.99
735,147,51,3,9750.49,10.43
736,45,56,4,8500.96,17.77
737,456,36,4,6563.92,14.51
738,916,96,2,4768.28,7.84
739,216,33,3,9959.97,5.08
740,70,77,5,9507.09,18.37
741,868,43,3,9466.45,7.27
742,338,48,1,8818.51,11.94
743,337,15,4,9633.84,4.41
744,355,74,4,8915.39,3.57
745,165,20,3,2876.8,10.89
746,198,46,1,477.85,12.34
747,469,81,3,1326.7,1.53
748,374,10,2,2233.47,7.55
749,290,91,5,9492.72,2.67
750,673,86,3,5615.72,18.91
751,699,93,4,3162.96,17.94
752,315,74,1,5763.27,8.51
753,574,88,1,5781.33,17.26
754,251,1,1,8266.76,6.12
755,742,3,3,4113.47,3.0
756,255,49,5,3897.96,7.4
757,550,53,2,7263.53,19.11
758,225,79,5,5121.24,11.81
759,385,14,2,6302.65,10.13
760,807,71,5,2631.66,13.62
761,416,15,5,2038.09,15.01
762,858,68,5,8210.5,15.05
763,786,39,5,5092.01,8.96
764,954,87,4,6615.93,4.2
765,898,65,3,9591.97,14.49
766,515,2,1,4450.14,0.49
767,714,18,4,5042.07,17.33
768,786,74,3,2547.97,2.03
769,343,12,1,4271.14,3.26
770,26,62,2,3881.29,12.15
771,879,23,4,3363.78,1.29
772,652,25,2,5876.42,19.98
773,260,17,4,7120.21,17.81
774,998,85,1,8729.91,11.48
775,786,64,3,5162.12,0.75
776,575,40,4,6367.62,9.09
777,598,65,4,8104.77,0.49
778,588,42,1,2205.87,4.37
779,289,94,1,1964.71,19.64
780,677,24,2,3364.11,2.36
781,150,68,3,1463.44,16.3
782,375,3,1,450.67,12.43
783,416,90,4,4485.08,19.0
784,777,98,4,5955.49,7.09
785,928,9,4,9146.58,6.77
786,318,14,1,2357.79,12.4
787,146,94,3,7494.81,12.52
788,822,57,2,2824.7,6.2
789,711,82,2,9417.05,16.39
790,16,34,5,1228.89,9.24
791,156,53,2,9002.68,18.23
792,924,55,4,8591.14,3.43
793,861,80,5,2410.4,2.94
794,356,23,5,3368.28,18.64
795,440,51,5,9779.92,1.64
796,401,50,5,5319.84,18.72
797,741,68,5,6687.3,13.96
798,97,83,4,4029.7,13.32
799,871,46,3,2787.77,0.03
800,187,61,4,5676.62,0.26
801,134,91,4,5188.12,9.49
802,29,9,1,9049.11,8.41
803,405,60,5,360.43,7.54
804,599,48,3,6905.69,14.3
805,619,57,3,2464.31,16.06
806,131,89,4,2292.36,12.75
807,331,13,2,7761.76,5.24
808,904,26,3,1887.02,7.21
809,410,36,1,8917.44,18.01
810,255,59,3,4549.28,13.83
811,241,42,2,4923.34,7.93
812,186,65,2,124.95,9.84
813,683,79,2,8905.53,0.96
814,507,97,1,4842.97,6.84
815,13,79,2,7529.11,8.53
816,840,44,5,3115.65,3.35
817,301,38,5,7348.87,5.84
818,131,76,4,4797.3,8.28
819,914,5,3,1969.45,0.94
820,775,50,3,4465.65,9.16
821,660,97,4,9080.5,3.31
822,271,64,4,394.19,10.51
823,854,40,4,3678.15,11.69
824,761,25,4,2377.1,17.39
825,549,65,5,1412.06,2.6
826,201,41,1,3955.6,15.34
827,683,39,3,2510.32,15.26
828,521,68,2,957.68,2.0
829,890,2,4,9608.4,11.35
830,119,96,1,3061.01,5.09
831,648,8,5,70.23,14.6
832,342,7,2,1921.23,17.51
833,472,1,2,1394.03,5.69
834,50,39,2,5461.75,9.17
835,140,11,4,4515.85,2.46
836,498,58,3,9080.56,11.8
837,716,14,4,5947.81,18.86
838,807,92,1,9489.22,11.13
839,607,1,1,1359.44,11.45
840,5,11,5,2771.64,8.91
841,720,66,4,8400.31,8.87
842,113,78,2,9732.94,13.24
843,886,94,4,596.51,8.19
844,881,94,5,9859.71,7.65
845,69,21,1,8845.7,15.34
846,697,84,3,3453.2,16.83
847,459,83,3,8871.02,15.18
848,633,48,4,488.94,11.93
849,254,2,1,2022.12,1.98
850,362,7,1,7294.47,11.88
851,724,35,4,8580.29,17.26
852,851,73,4,2058.05,17.36
853,938,69,5,1218.7,0.24
854,808,14,3,2195.01,14.66
855,317,82,2,8399.74,3.09
856,966,35,4,5214.26,9.75
857,340,93,3,5153.91,4.25
858,915,26,5,9105.64,1.66
859,316,80,1,7789.48,19.19
860,751,43,4,2988.18,13.42
861,787,67,1,5258.78,2.68
862,24,82,5,9732.98,16.29
863,366,96,2,3578.66,13.39
864,277,34,2,6298.43,1.03
865,574,19,3,4728.02,13.23
866,425,39,1,7921.84,11.39
867,774,90,5,9576.09,7.19
868,371,81,1,3990.66,7.27
869,52,3,1,4866.64,0.1
870,797,98,2,775.28,4.15
871,919,7,1,7497.93,7.87
872,929,50,3,8996.3,15.0
873,363,65,5,1945.6,3.98
874,450,23,4,5321.68,10.33
875,571,37,4,7862.06,8.08
876,736,96,3,4045.48,1.88
877,206,95,5,5272.99,9.71
878,918,6,5,5735.24,6.89
879,116,24,1,5877.82,4.08
880,131,60,2,6034.31,12.03
881,884,28,4,8287.02,4.24
882,243,22,3,2481.73,8.6
883,601,78,3,4687.97,19.15
884,539,93,5,1209.85,18.36
885,750,12,3,7982.21,16.19
886,383,26,5,7965.03,9.78
887,209,39,5,4527.5,5.06
888,6,50,5,9363.19,12.35
889,470,81,4,7693.04,18.16
890,822,45,4,5121.92,12.58
891,696,34,5,822.55,8.95
892,830,20,1,2437.09,14.75
893,484,17,4,7322.26,19.46
894,349,1,5,5587.23,17.51
895,581,91,4,5921.02,0.42
896,784,36,3,5930.71,18.12
897,32,81,4,1726.09,14.99
898,805,69,3,1009.8,15.89
899,585,49,3,8593.0,12.01
900,427,15,3,9298.99,18.49
901,999,100,3,5210.88,3.01
902,943,26,4,624.64,3.46
903,913,61,2,7631.93,15.27
904,954,41,3,7700.16,6.03
905,706,26,1,1453.62,19.19
906,318,88,4,2847.37,11.81
907,678,41,4,4637.6,5.51
908,623,80,4,6527.58,12.14
909,171,29,5,2355.75,1.9
910,469,98,4,8037.5,2.87
911,722,99,1,3958.98,0.04
912,896,16,5,9570.34,18.31
913,198,29,2,7796.12,18.36
914,766,86,3,3813.84,1.88
915,47,80,5,9886.59,19.9
916,102,67,1,7724.36,14.64
917,618,89,5,9344.6,6.1
918,114,46,4,385.67,16.52
919,852,36,3,3165.47,17.53
920,692,85,5,4773.57,15.52
921,572,8,2,4557.62,15.6
922,501,35,4,2189.24,4.24
923,16,43,1,7579.9,19.26
924,867,6,4,8655.62,5.61
925,406,37,3,8074.55,12.09
926,684,76,2,8380.1,2.52
927,287,52,4,5457.53,16.19
928,796,100,2,1727.97,11.01
929,45,38,5,6074.33,16.36
930,645,95,5,2500.23,0.51
931,471,82,2,8729.07,2.05
932,25,55,1,6408.21,5.0
933,624,37,1,5867.83,7.35
934,779,19,4,9891.95,12.22
935,425,16,3,6708.11,4.44
936,998,12,1,3512.14,4.39
937,955,87,5,2635.37,7.64
938,671,62,3,9735.91,19.76
939,82,81,2,4943.43,8.34
940,239,84,3,5845.83,6.74
941,850,95,3,4717.41,17.81
942,273,84,5,943.84,11.06
943,938,27,5,4192.7,3.13
944,903,74,3,5914.11,5.11
945,951,79,1,2637.65,4.15
946,159,71,4,9582.44,4.78
947,552,41,4,1378.52,15.93
948,475,8,1,4278.7,10.0
949,503,83,4,7371.44,15.89
950,911,56,1,7254.25,16.55
951,680,75,3,1970.39,8.05
952,165,25,1,4162.6,6.69
953,758,51,3,2652.84,2.12
954,400,23,3,9836.71,13.09
955,928,38,2,3896.4,17.35
956,649,84,5,2963.15,8.76
957,745,73,4,6490.54,8.21
958,614,2,5,6654.93,13.19
959,112,28,1,510.35,9.07
960,428,6,5,3956.11,5.58
961,135,23,3,7509.79,8.49
962,168,68,3,3388.02,4.3
963,24,90,5,7388.43,19.63
964,679,3,4,4013.8,13.64
965,391,6,2,4436.02,10.76
966,581,73,3,6978.73,7.57
967,443,30,4,4478.32,1.81
968,753,100,2,2084.19,7.68
969,421,98,3,8.38,7.86
970,10,54,4,3455.33,12.8
971,241,78,4,1807.84,3.01
972,965,18,1,1684.09,12.57
973,332,96,5,1978.49,4.91
974,773,56,1,6142.64,5.16
975,29,93,5,2002.72,6.26
976,296,80,4,846.58,8.87
977,752,4,4,2074.52,18.55
978,973,12,3,3676.5,16.75
979,33,58,1,7961.7,19.19
980,927,30,1,8106.82,13.23
981,59,82,2,3340.66,12.89
982,482,90,3,432.32,11.23
983,827,46,2,1851.8,10.07
984,359,24,4,3178.72,7.49
985,67,31,1,3880.65,1.83
986,851,63,4,1109.32,0.73
987,329,36,5,6023.75,0.16
988,95,14,2,8544.19,9.62
989,263,5,1,6876.8,2.26
990,177,47,3,846.16,14.53
991,757,98,4,6251.79,3.71
992,287,5,2,122.05,13.91
993,289,33,3,7336.55,13.79
994,404,67,4,8782.82,12.36
995,593,53,5,8025.94,0.0
996,898,88,1,2183.59,9.08
997,967,16,5,9636.91,1.98
998,94,7,5,8917.61,5.84
999,621,23,4,1631.61,15.45
1000,623,21,4,8702.1,0.21
1001,188,76,3,3889.02,3.77
1002,817,39,3,8258.84,17.29
1003,407,67,1,5212.74,4.26
1004,841,10,3,5015.94,12.25
1005,438,73,2,5847.62,1.04
1006,12,37,3,2938.88,10.41
1007,813,34,1,4857.39,12.25
1008,914,40,4,1894.2,8.1
1009,844,17,5,7457.22,14.05
1010,426,50,1,5630.4,0.59
1011,426,26,5,3984.21,8.65
1012,34,91,5,9083.9,13.0
1013,412,59,5,8038.3,12.39
1014,818,55,2,3149.28,3.17
1015,969,66,4,6253.18,7.33
1016,238,39,3,3308.14,17.52
1017,851,13,1,5675.48,11.34
1018,848,33,2,5948.26,19.52
1019,644,35,5,402.85,19.33
1020,778,68,2,8039.14,4.38
1021,66,2,4,3685.66,2.88
1022,176,67,1,7866.09,14.89
1023,346,11,5,5828.52,11.3
1024,136,36,4,3607.18,2.63
1025,544,16,2,5247.86,9.56
1026,618,32,1,9242.69,11.63
1027,753,5,5,3329.04,5.49
1028,844,50,4,1919.66,16.88
1029,650,92,1,9454.63,15.96
1030,317,63,2,3433.31,1.22
1031,981,37,1,8198.94,8.97
1032,629,85,2,5457.68,17.1
1033,112,63,5,1557.09,17.08
1034,872,69,4,1803.98,11.16
1035,298,58,4,9563.84,8.41
1036,708,71,1,1944.02,14.53
1037,465,11,3,5617.67,3.31
1038,364,71,5,2436.95,7.63
1039,575,4,2,8215.52,14.96
1040,757,43,3,6975.16,7.42
1041,643,22,3,1579.95,11.78
1042,550,25,3,2495.99,18.26
1043,453,14,4,3089.88,1.85
1044,332,14,4,5342.57,17.87
1045,865,22,2,89.8,12.63
1046,380,57,1,7870.64,19.59
1047,854,36,4,1117.49,5.63
1048,837,1,5,4077.67,14.81
1049,59,87,1,6826.5,8.67
1050,462,44,4,3932.52,14.41
1051,615,50,2,6356.66,11.04
1052,569,50,2,5634.74,15.89
1053,836,81,4,9071.54,6.71
1054,14,2,3,5549.56,18.42
1055,675,47,4,8839.13,18.35
1056,147,54,3,2778.56,11.71
1057,640,77,2,3009.16,9.26
1058,387,8,3,7602.48,5.16
1059,279,26,1,4459.32,10.08
1060,64,3,3,3235.89,2.38
1061,716,38,3,5647.45,11.09
1062,961,37,5,6098.52,3.52
1063,475,54,4,3611.61,17.83
1064,319,31,1,9153.8,12.51
1065,112,9,3,7852.71,15.25
1066,247,11,2,639.98,1.39
1067,777,23,5,6737.08,18.49
1068,992,89,5,4385.11,3.79
1069,523,55,1,4179.36,7.61
1070,839,51,5,3797.64,5.16
1071,882,20,1,9798.75,5.72
1072,957,60,2,7688.23,3.46
1073,167,64,2,4616.95,7.63
1074,640,51,5,298.68,8.11
1075,222,20,2,1653.83,13.92
1076,481,7,2,9802.21,18.29
1077,114,49,1,955.32,0.55
1078,866,45,1,5046.63,8.92
1079,652,75,2,1131.67,1.44
1080,174,46,4,3449.01,15.82
1081,903,69,1,7922.75,14.82
1082,659,25,2,3229.39,17.11
1083,79,67,5,6673.47,0.32
1084,239,36,1,7694.74,5.31
1085,777,20,5,9216.9,2.82
1086,171,72,4,5349.62,3.32
1087,366,90,5,3492.09,12.02
1088,356,84,4,758.0,4.62
1089,285,37,4,6913.98,0.95
1090,105,95,4,8203.79,9.42
1091,721,69,5,5993.19,3.08
1092,911,11,3,8484.67,10.6
1093,473,89,3,6843.7,10.19
1094,119,79,3,4570.76,12.64
1095,869,17,4,7800.91,11.24
1096,577,11,1,2068.84,12.74
1097,327,84,3,5583.96,14.92
1098,827,18,1,6198.29,5.63
1099,92,90,2,2835.48,15.42
1100,56,69,1,5979.24,4.84
1101,545,93,1,1268.22,10.61
1102,998,67,2,7932.15,18.86
1103,945,29,5,3435.69,13.29
1104,676,46,4,5667.53,19.24
1105,135,92,1,5945.86,10.7
1106,642,100,2,4181.63,19.31
1107,868,65,4,1470.08,18.95
1108,469,86,1,7947.55,16.81
1109,230,41,5,4664.18,19.36
1110,197,24,1,7645.31,16.47
1111,732,74,1,9844.27,10.31
1112,501,9,3,1455.1,14.02
1113,966,73,5,9299.23,10.41
1114,728,53,4,473.13,4.11
1115,428,98,4,5325.86,13.39
1116,1000,34,4,8646.03,9.04
1117,192,26,2,9377.43,6.02
1118,235,24,3,5342.34,1.5
1119,120,75,2,8541.06,4.55
1120,72,77,5,2685.78,6.95
1121,217,27,2,1320.69,19.05
1122,242,36,1,582.84,11.63
1123,387,74,1,1251.96,15.2
1124,567,100,3,434.84,18.43
1125,613,19,2,5346.01,10.18
1126,971,87,2,9366.66,2.16
1127,446,35,4,4976.48,11.33
1128,296,31,2,9845.1,6.88
1129,249,84,3,1020.03,2.88
1130,613,84,5,5097.42,11.54
1131,765,89,5,9998.35,16.34
1132,537,43,2,99.82,7.54
1133,812,13,2,8494.05,17.32
1134,182,71,3,717.1,11.04
1135,403,48,2,4216.47,6.66
1136,707,55,2,8868.38,3.37
1137,487,37,5,4924.16,1.34
1138,303,98,2,5171.07,11.69
1139,68,6,4,7475.0,18.34
1140,957,58,1,8121.81,6.94
1141,852,28,5,4615.62,19.43
1142,757,13,4,9651.57,18.14
1143,398,99,4,4759.55,17.62
1144,148,55,5,2423.73,9.19
1145,17,42,5,4197.05,8.96
1146,275,58,2,4481.17,19.11
1147,767,77,1,7965.18,12.43
1148,210,28,3,8309.32,3.69
1149,260,8,1,9893.03,6.81
1150,640,52,4,7457.27,10.22
1151,101,74,1,3367.35,1.81
1152,475,53,4,8521.03,10.84
1153,663,83,5,9943.14,9.01
1154,522,20,4,1431.76,13.72
1155,912,22,1,4820.02,18.94
1156,892,100,3,2532.96,12.91
1157,249,67,2,9832.94,16.5
1158,640,24,1,9257.32,12.82
1159,798,62,4,6020.69,11.76
1160,264,60,4,3355.71,4.59
1161,149,99,1,6681.59,4.38
1162,718,95,4,7577.43,2.32
1163,716,46,3,6690.44,2.34
1164,120,99,4,4372.36,10.34
1165,27,48,1,5546.88,18.72
1166,938,56,4,664.82,1.19
1167,731,88,4,5769.22,19.21
1168,654,1,1,1001.86,18.51
1169,817,71,1,1802.21,5.75
1170,919,81,5,767.05,16.28
1171,820,26,2,5735.23,19.98
1172,119,98,3,755.85,1.27
1173,310,25,4,7550.86,2.13
1174,92,91,1,4951.85,4.5
1175,890,4,2,7723.94,1.29
1176,940,25,1,6905.28,11.91
1177,795,90,2,4382.27,10.36
1178,338,32,5,8398.01,2.69
1179,221,97,3,6605.87,0.06
1180,696,87,3,3539.16,0.23
1181,110,84,4,6635.01,6.03
1182,71,36,3,622.05,15.36
1183,110,76,4,3066.23,13.27
1184,858,72,3,3137.08,12.51
1185,363,29,1,5027.54,8.93
1186,656,98,4,3839.42,0.19
1187,835,4,3,3536.17,4.67
1188,387,82,2,8131.82,13.83
1189,219,77,3,2608.35,16.23
1190,130,80,1,5690.66,15.61
1191,176,48,3,5793.28,17.85
1192,793,96,4,4567.33,17.53
1193,777,83,3,553.31,18.6
1194,736,41,2,3512.79,12.34
1195,28,50,3,92.63,1.37
1196,368,86,5,3350.36,13.36
1197,221,47,4,541.31,6.84
1198,986,81,3,1402.78,8.13
1199,418,19,3,8178.15,4.64
1200,73,19,5,727.97,19.36
1201,654,69,4,4007.73,1.16
1202,837,29,1,6521.51,3.93
1203,686,81,5,8216.83,3.82
1204,968,40,1,4047.04,5.29
1205,752,50,3,3580.46,12.05
1206,765,21,1,7711.13,17.95
1207,810,21,5,3536.6,11.5
1208,863,58,4,356.46,7.42
1209,560,89,2,4492.72,16.42
1210,106,4,4,1617.03,0.58
1211,374,8,5,860.26,4.79
1212,372,20,4,5482.37,9.86
1213,234,13,5,7075.45,13.61
1214,219,78,5,9114.04,10.96
1215,893,13,3,560.26,7.71
1216,796,92,5,2559.32,17.41
1217,94,39,3,1554.11,14.46
1218,578,93,3,4709.48,19.12
1219,914,14,5,7764.49,3.8
1220,745,93,1,64.6,9.06
1221,626,99,2,6809.59,0.67
1222,94,96,4,2843.29,3.92
1223,296,85,2,2952.72,10.82
1224,113,14,4,5823.99,14.86
1225,462,17,4,1392.81,13.26
1226,148,77,3,2130.48,8.82
1227,786,64,4,5059.26,1.79
1228,859,91,1,674.55,15.9
1229,454,4,5,9377.66,18.45
1230,287,95,3,579.76,1.97
1231,216,37,4,8700.97,16.36
1232,867,1,5,9252.28,3.05
1233,741,25,1,432.34,17.9
1234,875,32,4,4748.78,2.91
1235,45,43,1,9532.05,19.93
1236,470,37,2,3215.57,12.14
1237,668,46,5,8373.23,18.05
1238,826,77,3,2069.91,11.04
1239,752,17,5,6896.4,6.22
1240,119,80,4,4514.19,2.17
1241,108,77,3,7299.29,9.65
1242,647,37,5,6925.57,3.57
1243,560,1,5,6616.07,7.91
1244,977,83,4,2058.99,3.61
1245,831,48,3,8002.37,5.74
1246,441,6,4,9646.55,11.9
1247,87,9,2,6283.05,11.54
1248,730,44,2,2791.4,10.16
1249,108,33,3,5352.98,14.48
1250,814,61,2,3040.83,15.79
1251,780,55,4,3895.28,3.29
1252,595,16,5,2276.64,8.0
1253,63,88,1,1977.09,11.09
1254,567,86,3,3785.0,1.93
1255,468,8,5,4243.12,2.39
1256,558,45,5,9285.91,13.3
1257,163,39,3,9762.18,7.25
1258,842,36,5,2919.42,8.95
1259,313,71,1,2043.27,7.86
1260,843,74,5,4326.37,6.97
1261,948,58,5,6268.85,0.61
1262,861,4,4,4255.43,3.95
1263,590,8,2,1161.23,13.45
1264,686,43,4,9039.61,3.69
1265,923,75,1,3011.53,13.37
1266,228,1,5,3629.9,18.56
1267,384,7,5,241.57,13.15
1268,76,30,5,8668.09,10.89
1269,246,10,3,7588.74,8.04
1270,67,27,3,9767.15,0.25
1271,359,65,4,2139.43,14.8
1272,598,67,3,5369.85,6.92
1273,515,28,2,7145.28,7.58
1274,246,21,2,5185.54,6.04
1275,753,73,4,656.82,12.23
1276,184,41,4,2188.96,15.71
1277,835,11,4,2861.21,10.73
1278,506,96,5,967.55,16.97
1279,298,5,2,5165.1,15.08
1280,146,44,1,779.05,9.65
1281,892,76,1,9133.9,11.15
1282,794,51,1,1890.23,12.3
1283,974,15,4,224.6,6.21
1284,285,12,3,8707.77,14.35
1285,988,64,5,2061.11,11.6
1286,334,32,5,8732.25,9.06
1287,927,47,3,8686.55,15.87
1288,12,94,5,3327.62,12.11
1289,117,18,1,2025.09,2.36
1290,359,4,5,5171.16,10.41
1291,637,62,3,9845.84,12.15
1292,972,5,3,1549.72,0.18
1293,61,39,5,4160.7,7.5
1294,563,42,5,1503.97,7.02
1295,969,74,1,3790.53,6.25
1296,253,69,5,9089.67,9.46
1297,218,50,5,4221.77,17.77
1298,770,48,4,7164.13,19.37
1299,102,100,4,7850.34,0.79
1300,962,41,3,1555.41,18.83
1301,133,35,3,2523.41,15.81
1302,536,61,2,8697.61,10.88
1303,692,12,3,5419.13,4.89
1304,415,52,4,8312.37,13.88
1305,960,55,4,4298.64,19.66
1306,89,57,5,9162.52,1.01
1307,314,33,3,6235.08,7.33
1308,256,17,3,5810.15,17.1
1309,637,95,4,1694.47,8.8
1310,567,57,2,6134.72,3.41
1311,182,100,4,6994.57,14.59
1312,867,74,5,976.04,8.37
1313,668,16,3,2048.56,14.47
1314,157,25,1,6097.73,7.46
1315,958,6,3,4488.07,16.97
1316,349,89,5,9728.84,19.29
1317,520,18,4,7488.5,2.52
1318,633,20,4,2692.68,11.83
1319,599,45,5,6838.89,15.78
1320,331,15,5,2215.08,2.96
1321,547,23,5,7212.68,4.9
1322,789,19,1,7029.73,15.26
1323,630,2,2,8661.92,6.33
1324,544,76,3,6128.97,7.53
1325,701,40,5,8347.06,19.08
1326,963,17,1,6219.4,18.33
1327,303,15,4,6967.82,17.29
1328,640,96,2,2903.6,3.63
1329,968,78,4,189.51,14.11
1330,167,62,5,5822.07,19.18
1331,765,89,5,2409.02,12.1
1332,440,20,2,4512.55,10.4
1333,932,15,3,9609.6,11.84
1334,229,8,3,4782.42,10.52
1335,984,13,1,5661.43,12.95
1336,753,88,1,7457.61,8.96
1337,845,71,1,494.65,17.0
1338,148,46,4,347.05,1.34
1339,72,93,1,6853.39,1.85
1340,959,89,3,2534.94,7.64
1341,695,70,3,3663.41,13.24
1342,41,53,3,2574.95,5.43
1343,11,87,3,4253.28,0.24
1344,396,89,4,5771.84,11.86
1345,802,29,2,8693.48,19.81
1346,642,87,1,913.15,5.73
1347,8,3,3,5742.53,9.21
1348,393,4,5,2739.72,9.21
1349,41,36,2,7245.28,4.63
1350,762,97,5,7168.28,6.26
1351,912,42,3,7165.32,10.42
1352,860,48,5,3338.81,18.64
1353,681,15,4,3414.34,3.09
1354,118,53,2,6489.39,8.98
1355,950,6,1,3595.73,9.19
1356,721,12,1,7682.91,18.93
1357,401,95,4,2978.95,0.71
1358,131,70,3,4431.96,15.01
1359,317,53,3,8602.02,6.29
1360,481,41,5,2747.77,3.77
1361,659,30,4,1141.45,5.76
1362,288,1,2,4317.31,14.6
1363,432,26,3,7388.11,14.7
1364,912,13,1,8434.35,6.29
1365,349,47,1,1075.68,4.48
1366,567,35,2,5902.54,11.94
1367,97,1,2,8955.09,19.66
1368,303,21,4,6071.83,16.06
1369,7,11,3,2208.46,5.25
1370,344,22,3,9131.19,4.38
1371,531,51,3,5404.48,8.84
1372,830,88,2,5329.22,2.39
1373,559,91,3,9152.69,1.38
1374,211,41,4,8034.24,9.68
1375,98,80,5,6124.56,4.21
1376,879,32,4,4786.36,9.35
1377,483,69,2,9688.68,14.51
1378,38,57,5,385.49,9.41
1379,94,55,2,3408.24,7.77
1380,200,58,1,7391.57,11.3
1381,139,57,1,8611.87,0.87
1382,438,89,4,5685.61,9.38
1383,49,9,4,9313.23,14.44
1384,545,87,4,6865.77,5.42
1385,508,42,2,350.07,6.46
1386,218,6,4,2070.12,6.14
1387,598,83,5,4209.4,10.2
1388,210,4,2,2750.09,11.69
1389,198,80,1,7580.36,4.73
1390,20,75,3,8492.34,0.11
1391,407,50,2,4509.73,15.03
1392,89,1,1,5226.11,15.39
1393,774,18,3,4045.94,6.54
1394,348,16,4,5018.4,17.16
1395,164,64,4,7059.62,19.93
1396,858,14,4,4998.51,16.4
1397,16,15,3,9345.55,7.98
1398,219,25,2,6282.15,16.01
1399,494,95,1,5080.48,9.24
1400,685,35,5,7348.06,13.77
1401,750,56,4,9202.5,3.47
1402,202,82,5,9929.54,19.26
1403,344,39,4,1078.32,16.15
1404,817,71,2,295.61,1.23
1405,608,36,3,134.77,11.32
1406,541,13,3,2847.0,4.0
1407,832,76,5,6289.35,8.63
1408,449,14,4,9259.55,4.38
1409,558,72,1,7991.29,4.49
1410,355,64,4,7988.49,16.92
1411,610,89,2,5595.36,5.83
1412,93,28,4,5051.25,2.85
1413,452,42,3,9009.29,15.47
1414,57,2,4,2062.43,5.17
1415,349,73,2,6364.67,1.42
1416,752,73,5,8363.85,14.6
1417,465,28,3,7768.98,12.78
1418,491,99,2,3702.56,5.22
1419,424,3,5,4818.52,14.91
1420,846,21,1,9114.34,9.15
1421,25,47,2,4726.08,0.34
1422,886,19,2,9501.4,6.63
1423,613,47,5,4672.99,8.74
1424,608,41,3,7259.27,17.91
1425,504,68,3,4951.88,18.92
1426,498,13,5,5606.33,8.87
1427,326,51,3,4811.21,12.02
1428,927,33,1,998.59,16.6
1429,517,29,5,4075.64,19.01
1430,432,20,1,7408.16,2.3
1431,249,4,3,6352.8,8.07
1432,103,13,2,1432.58,6.1
1433,478,94,3,1613.33,11.28
1434,611,86,4,4339.08,3.37
1435,697,97,4,3984.22,11.82
1436,863,26,4,953.14,7.85
1437,250,90,2,6993.37,11.2
1438,837,44,2,9610.92,12.12
1439,412,30,1,1209.65,7.76
1440,893,2,2,4398.38,15.37
1441,230,5,3,7198.05,6.43
1442,94,44,4,7629.53,0.86
1443,707,100,2,8880.95,5.0
1444,464,19,4,4992.05,7.56
1445,535,26,2,4518.07,12.22
1446,259,45,4,2667.7,19.4
1447,99,90,2,2930.14,16.77
1448,842,44,5,8215.53,6.64
1449,181,34,5,7294.51,8.84
1450,482,42,4,781.92,14.05
1451,359,91,1,9972.3,9.05
1452,846,81,3,8157.93,9.22
1453,485,50,3,124.4,2.69
1454,258,33,1,8419.23,18.89
1455,721,97,5,2679.22,8.2
1456,117,72,2,4172.78,11.99
1457,105,73,3,7938.54,1.64
1458,838,3,4,5009.68,2.35
1459,461,1,1,1862.02,9.5
1460,755,39,4,3113.56,19.01
1461,527,41,1,1429.41,3.93
1462,814,80,3,9254.73,4.95
1463,259,3,3,2646.42,12.6
1464,288,31,1,4243.81,8.45
1465,314,33,2,9145.1,18.71
1466,506,30,1,171.32,3.34
1467,514,20,4,5793.41,17.6
1468,565,25,3,8682.59,3.4
1469,238,74,3,999.53,11.89
1470,824,79,1,2960.5,0.04
1471,624,77,2,1710.85,9.47
1472,798,92,3,1084.34,15.2
1473,872,86,4,880.33,0.88
1474,817,78,5,6124.21,4.98
1475,885,97,3,2178.02,18.43
1476,53,61,4,2082.53,16.58
1477,362,48,2,7204.5,17.88
1478,866,87,5,2306.63,7.8
1479,953,54,3,2451.53,13.84
1480,375,70,4,1526.1,1.59
1481,510,19,3,338.8,8.73
1482,649,56,5,8867.92,15.81
1483,515,93,4,1495.87,13.66
1484,790,38,5,2399.0,15.12
1485,974,11,5,3604.54,2.59
1486,574,13,3,3114.64,7.2
1487,620,36,2,4114.16,13.92
1488,81,11,5,680.82,17.62
1489,780,84,3,9291.17,4.22
1490,922,52,5,9230.83,8.08
1491,515,39,5,144.34,2.11
1492,660,42,3,1258.13,5.24
1493,435,52,2,1572.71,9.32
1494,381,22,4,5882.82,7.74
1495,115,36,4,6324.94,2.11
1496,284,84,4,6613.69,7.89
1497,373,43,5,2092.55,2.55
1498,886,86,1,5792.75,2.01
1499,206,59,1,5947.55,2.19
1500,277,62,5,4581.37,13.06
1501,294,28,5,396.98,2.22
1502,586,27,3,4012.84,2.64
1503,407,5,1,1026.1,18.57
1504,923,66,5,6432.41,6.56
1505,64,39,4,1688.22,18.08
1506,812,97,2,1019.73,4.69
1507,628,64,3,6867.18,7.16
1508,635,27,4,5507.34,10.49
1509,963,30,2,7402.01,1.37
1510,446,24,4,205.37,17.02
1511,252,83,3,6688.91,19.91
1512,923,48,5,2942.45,0.74
1513,695,78,4,6438.88,13.48
1514,583,57,1,6889.04,4.53
1515,113,74,1,7161.62,8.55
1516,387,19,1,36.1,4.83
1517,688,98,5,1905.18,16.05
1518,932,53,4,7077.87,8.45
1519,109,95,5,7346.47,3.0
1520,913,9,1,4833.5,10.23
1521,741,18,2,3669.55,6.67
1522,419,36,2,3126.23,8.37
1523,5,66,2,7176.66,1.18
1524,809,63,3,8655.91,0.15
1525,679,44,1,8375.41,8.12
1526,502,75,4,9090.32,10.84
1527,845,26,3,7306.16,12.49
1528,334,52,1,3533.55,12.45
1529,413,42,1,6153.71,6.15
1530,99,26,2,4841.08,19.69
1531,83,36,2,8652.73,16.92
1532,821,89,3,6805.43,6.37
1533,878,5,3,8658.05,3.25
1534,442,72,4,5392.66,5.75
1535,262,5,3,5836.96,13.72
1536,404,100,3,2901.92,0.4
1537,66,50,5,4406.12,2.87
1538,476,20,3,4481.89,9.35
1539,535,26,3,1315.06,13.57
1540,841,68,1,540.11,17.2
1541,55,82,2,6239.54,13.98
1542,759,96,3,5107.77,14.94
1543,11,17,2,1460.74,15.41
1544,528,10,5,4598.87,18.65
1545,592,14,2,9042.48,15.44
1546,851,21,1,5009.98,19.35
1547,414,7,1,5950.92,1.6
1548,592,16,5,873.29,1.21
1549,843,2,2,1472.63,19.73
1550,924,79,1,1140.67,4.49
1551,678,10,1,9600.63,19.58
1552,321,77,1,1834.27,14.55
1553,517,14,4,2656.99,11.3
1554,710,40,3,9799.6,13.8
1555,18,31,4,9830.38,17.27
1556,811,97,1,6798.9,17.48
1557,109,98,5,6551.31,14.87
1558,763,97,3,7149.44,17.59
1559,484,94,1,7971.58,1.12
1560,765,61,1,8635.75,3.53
1561,390,65,1,7135.84,13.06
1562,5,58,2,2083.45,19.99
1563,663,100,5,1733.88,12.03
1564,960,72,4,9906.16,6.5
1565,906,42,5,3997.21,7.18
1566,907,59,2,2026.34,8.06
1567,435,60,4,2614.08,10.41
1568,222,59,1,6846.87,2.17
1569,304,4,2,5183.89,8.21
1570,849,43,1,655.04,15.32
1571,246,24,1,3998.15,19.49
1572,789,94,5,5000.95,5.04
1573,475,49,1,6782.52,7.77
1574,31,37,1,426.68,8.26
1575,958,96,1,6865.8,10.14
1576,332,86,3,2351.37,12.52
1577,395,67,1,8377.89,5.87
1578,774,27,2,2142.31,6.44
1579,475,60,4,5101.72,13.11
1580,559,47,4,1236.12,16.92
1581,84,30,4,8226.87,19.04
1582,74,79,3,8251.18,12.74
1583,204,24,4,9800.93,18.37
1584,904,14,5,2443.78,18.46
1585,565,21,2,961.99,18.72
1586,82,67,2,6399.57,19.7
1587,157,70,3,7505.57,2.51
1588,446,82,2,9031.33,15.3
1589,717,67,5,1687.26,14.25
1590,582,55,5,5923.2,8.03
1591,548,21,4,6149.57,18.22
1592,236,75,5,5616.24,10.81
1593,262,12,3,8841.41,19.03
1594,543,19,4,3876.32,16.99
1595,232,45,4,1852.81,12.66
1596,554,58,4,7682.98,9.7
1597,490,77,5,9284.19,4.58
1598,958,39,5,1883.26,5.71
1599,154,56,2,5823.03,11.54
1600,698,13,3,1250.8,3.56
1601,825,84,5,3121.96,18.3
1602,984,82,5,5998.05,15.51
1603,56,70,2,3406.95,12.02
1604,340,28,2,4017.7,15.95
1605,202,36,5,5129.31,17.48
1606,738,43,1,5740.41,12.06
1607,740,92,5,2343.53,13.69
1608,367,19,2,9017.65,10.17
1609,398,15,1,6489.76,7.07
1610,355,51,1,3151.91,9.57
1611,339,14,3,6665.99,10.22
1612,695,5,5,9402.15,4.12
1613,549,23,1,4097.82,4.07
1614,887,46,1,5860.01,11.94
1615,415,81,5,4177.78,11.44
1616,944,90,1,8677.52,2.66
1617,606,3,1,7200.43,11.47
1618,842,13,3,4238.78,12.48
1619,685,28,2,8710.93,12.91
1620,73,6,5,3738.06,12.26
1621,489,10,4,16.89,3.55
1622,399,16,3,3969.88,18.66
1623,406,66,1,4193.67,17.88
1624,353,92,4,1888.69,1.71
1625,25,95,2,986.99,8.6
1626,779,72,5,2783.29,19.46
1627,924,20,1,5260.1,12.15
1628,750,65,4,7707.46,11.43
1629,661,7,3,933.26,13.5
1630,436,25,4,27.98,19.28
1631,109,79,1,1775.01,4.99
1632,400,20,2,4763.38,11.67
1633,400,23,1,9012.97,17.03
1634,732,63,2,4224.4,16.45
1635,675,90,1,2173.64,17.98
1636,973,9,3,3030.79,19.36
1637,430,23,1,7688.0,7.56
1638,1,39,1,3443.57,3.93
1639,470,39,4,1987.6,18.06
1640,838,92,4,608.35,18.18
1641,874,31,1,5690.32,18.66
1642,919,49,5,3459.59,1.88
1643,615,53,5,8861.02,0.41
1644,59,2,2,9984.59,16.73
1645,870,60,5,7083.49,15.38
1646,810,8,1,1579.91,11.54
1647,451,14,1,9247.01,10.58
1648,349,67,3,4710.78,3.31
1649,746,86,3,8608.13,6.51
1650,377,96,2,3464.69,6.8
1651,554,76,1,410.6,18.12
1652,524,19,4,5831.22,3.81
1653,249,53,1,6060.69,15.93
1654,737,25,4,9883.51,7.17
1655,380,62,5,7546.07,13.27
1656,18,84,4,3697.09,11.85
1657,842,12,4,6926.12,8.36
1658,475,89,2,1579.35,13.11
1659,851,60,5,5440.04,8.35
1660,168,29,1,3992.68,11.39
1661,91,86,2,7058.37,15.09
1662,314,61,2,184.02,6.03
1663,355,40,5,2269.4,8.31
1664,34,74,5,3914.97,17.61
1665,78,61,2,9549.4,11.5
1666,24,7,1,4328.84,6.56
1667,24,46,1,9800.54,1.03
1668,181,70,4,2989.02,5.18
1669,554,86,3,1879.33,14.79
1670,688,73,4,5702.29,1.85
1671,180,13,2,8845.11,14.95
1672,888,70,3,5013.45,19.31
1673,713,67,2,8963.07,13.37
1674,358,45,3,1437.0,15.7
1675,358,95,4,2698.15,14.51
1676,598,35,3,3319.93,10.31
1677,531,8,5,2454.61,19.98
1678,94,56,2,6286.47,1.79
1679,66,31,5,9662.45,7.03
1680,188,71,4,6711.71,2.93
1681,700,77,3,7391.07,3.92
1682,870,12,4,3795.93,0.55
1683,995,64,2,2515.38,19.63
1684,255,82,2,5180.97,5.52
1685,308,11,2,1767.66,15.42
1686,399,45,3,9529.76,9.55
1687,736,85,1,7004.55,18.04
1688,31,27,4,7171.81,9.53
1689,562,18,5,1371.47,4.74
1690,931,83,3,1891.58,17.72
1691,250,2,1,3755.26,12.03
1692,921,59,2,5052.66,12.97
1693,913,54,3,7723.86,2.19
1694,51,64,4,3463.31,9.09
1695,652,17,3,2471.58,17.19
1696,954,88,4,1916.78,19.68
1697,193,33,3,8173.52,16.14
1698,765,95,2,9783.77,11.23
1699,28,15,1,6160.52,6.08
1700,154,73,5,6398.13,5.59
1701,110,58,1,8991.78,2.69
1702,410,69,5,9575.78,7.6
1703,385,46,4,4717.8,7.17
1704,639,86,4,9850.73,12.07
1705,647,10,4,5597.27,19.8
1706,193,79,2,9125.54,12.85
1707,502,84,3,3033.06,18.22
1708,500,56,3,2580.48,9.11
1709,719,51,2,9120.9,1.51
1710,227,14,1,8686.07,9.23
1711,105,12,1,8201.26,9.87
1712,60,83,3,4266.66,13.46
1713,772,4,1,2279.75,1.13
1714,620,82,2,2380.94,6.4
1715,357,65,5,3316.4,7.11
1716,347,37,2,3678.63,19.49
1717,631,64,1,4674.02,11.68
1718,813,5,3,3137.35,4.93
1719,870,50,5,6726.46,4.66
1720,588,2,4,7451.66,0.05
1721,114,61,5,3222.48,3.06
1722,300,33,2,8776.63,14.43
1723,77,32,4,7533.33,10.05
1724,173,97,4,9158.93,4.22
1725,214,42,4,4934.85,14.33
1726,890,21,1,2983.55,19.17
1727,376,67,5,9290.95,15.7
1728,59,50,4,3732.1,7.38
1729,752,42,5,4783.21,3.75
1730,152,73,3,7682.22,8.74
1731,125,9,4,600.37,4.17
1732,430,23,1,4501.25,7.67
1733,262,22,3,3256.9,14.86
1734,560,22,4,7259.79,10.56
1735,862,96,4,3758.07,15.63
1736,529,94,1,8073.15,1.79
1737,168,11,5,9638.97,16.09
1738,828,60,3,385.37,18.18
1739,682,12,1,6974.31,3.24
1740,462,81,4,9694.99,18.11
1741,715,25,1,4794.97,11.69
1742,376,8,1,2077.75,19.76
1743,609,56,2,3829.04,13.11
1744,830,25,2,3042.19,13.37
1745,10,29,5,7873.3,19.37
1746,417,71,4,3265.24,2.36
1747,161,78,3,3410.53,18.73
1748,883,98,5,5786.64,10.1
1749,760,22,3,6075.57,13.47
1750,165,22,4,6519.88,15.68
1751,129,32,4,5906.99,1.37
1752,524,57,1,4424.24,1.62
1753,504,37,3,7958.44,17.79
1754,611,76,4,6765.55,4.67
1755,522,99,3,5929.27,16.53
1756,909,82,3,8939.79,15.56
1757,999,73,5,3101.23,9.04
1758,52,42,3,7803.65,10.3
1759,300,63,3,4963.0,4.04
1760,973,50,1,9511.78,8.15
1761,429,82,5,7519.38,19.3
1762,782,58,2,9282.58,4.06
1763,165,55,5,9666.22,14.49
1764,155,55,2,8767.18,10.07
1765,110,6,3,4487.9,14.18
1766,769,36,1,5406.32,11.06
1767,424,26,1,5140.42,7.5
1768,774,89,3,9264.07,13.26
1769,659,7,3,3736.17,0.71
1770,332,10,4,8656.69,5.94
1771,782,6,2,6346.27,12.54
1772,715,4,5,2879.87,19.03
1773,174,18,1,5111.11,0.94
1774,170,23,2,5723.3,17.37
1775,944,56,4,6816.9,17.44
1776,959,30,1,7589.1,4.69
1777,340,96,5,9350.62,19.21
1778,442,91,1,9982.83,1.79
1779,530,42,2,1781.77,4.59
1780,850,47,1,998.26,13.5
1781,542,13,2,5179.83,18.68
1782,94,89,2,4743.43,4.7
1783,642,51,1,6277.95,12.35
1784,597,56,5,7784.16,6.61
1785,623,53,5,5888.72,12.71
1786,555,72,1,668.63,3.97
1787,511,33,3,8551.97,9.34
1788,721,62,5,4487.8,14.14
1789,103,67,3,9437.4,3.6
1790,612,45,5,5981.86,0.92
1791,58,6,4,3144.54,0.48
1792,162,22,5,1755.44,17.78
1793,901,45,4,3840.56,9.3
1794,821,50,3,7783.99,3.68
1795,184,70,1,239.13,12.42
1796,941,74,1,1836.9,8.08
1797,921,21,3,9366.59,1.61
1798,919,58,3,4485.19,18.59
1799,904,74,3,179.0,4.43
1800,298,53,2,5783.66,2.26
1801,29,54,3,1176.99,13.12
1802,794,52,3,5655.04,16.43
1803,477,70,5,2686.19,6.12
1804,505,5,5,8200.44,11.36
1805,434,57,4,7403.99,13.68
1806,218,14,4,8968.27,5.25
1807,770,55,1,4746.74,3.59
1808,119,84,3,611.47,15.33
1809,11,12,2,8743.77,19.59
1810,412,58,1,527.8,2.48
1811,328,82,3,4723.5,2.12
1812,470,49,3,3677.48,5.02
1813,723,47,5,1479.39,17.69
1814,342,3,5,9354.19,3.42
1815,956,98,5,3901.39,11.73
1816,121,57,2,4945.07,2.97
1817,527,71,2,7235.04,12.47
1818,94,95,4,8000.39,4.58
1819,670,33,5,3171.71,13.44
1820,854,63,3,6217.86,10.77
1821,406,3,2,2004.03,6.26
1822,999,42,4,2067.93,12.67
1823,735,88,2,7279.85,8.69
1824,287,94,2,2066.17,0.81
1825,194,13,4,4159.22,9.09
1826,490,79,3,6991.95,4.4
1827,574,82,1,6110.68,15.26
1828,838,83,2,2453.5,13.08
1829,187,36,5,5509.21,8.34
1830,212,89,4,6883.64,15.1
1831,921,27,5,6871.38,5.03
1832,661,15,5,876.75,7.28
1833,312,31,1,380.57,12.05
1834,129,73,1,923.95,15.79
1835,848,43,3,9741.33,13.15
1836,278,28,3,1139.09,0.82
1837,932,95,1,403.1,5.35
1838,356,56,3,9583.91,5.23
1839,708,22,4,3973.73,14.53
1840,792,17,1,7656.42,14.17
1841,208,63,2,5253.6,18.73
1842,300,80,2,7269.15,0.56
1843,66,40,4,2639.26,0.21
1844,621,23,2,1350.34,5.0
1845,424,42,1,1709.13,3.29
1846,35,87,5,7969.57,3.38
1847,713,79,4,1634.62,6.33
1848,621,84,2,2532.52,12.35
1849,708,3,4,6216.44,18.58
1850,189,83,5,3340.48,11.25
1851,755,77,2,9719.15,17.57
1852,873,40,1,3738.34,14.71
1853,769,40,2,230.16,13.43
1854,128,45,5,5270.61,11.94
1855,9,38,3,6273.54,9.16
1856,573,44,3,7148.79,0.06
1857,56,85,1,4406.04,14.17
1858,273,31,1,1665.15,15.83
1859,675,73,4,4877.88,9.95
1860,568,39,3,6206.53,5.18
1861,672,48,4,9993.33,1.5
1862,944,1,5,2810.64,17.56
1863,192,72,4,4726.68,6.22
1864,64,12,4,4159.53,12.11
1865,870,91,2,2051.43,13.24
1866,89,70,3,4235.84,10.82
1867,502,69,1,8663.8,14.28
1868,964,43,2,6387.0,15.64
1869,144,44,3,7829.08,5.04
1870,914,89,3,3916.44,1.79
1871,432,72,4,7163.67,12.65
1872,148,41,1,2373.55,8.83
1873,871,24,4,5458.78,5.25
1874,12,67,3,7261.33,2.36
1875,796,68,1,1537.19,11.14
1876,285,31,5,7065.24,7.53
1877,256,12,3,9111.87,13.79
1878,739,100,3,5898.98,6.48
1879,913,85,4,5421.94,5.17
1880,897,75,3,515.86,18.4
1881,427,6,2,9332.72,1.59
1882,672,23,1,1917.41,9.73
1883,949,32,3,5604.62,15.88
1884,127,24,5,3802.46,19.46
1885,735,46,3,7184.84,19.29
1886,527,74,1,8157.62,12.01
1887,440,1,3,3903.42,19.56
1888,983,82,3,563.7,2.05
1889,443,70,4,8798.71,2.14
1890,790,83,4,7627.11,2.79
1891,398,98,1,4849.47,17.24
1892,857,84,5,639.25,16.75
1893,341,79,5,7009.86,10.46
1894,154,60,2,8877.71,15.12
1895,818,6,4,6482.48,0.03
1896,770,66,2,1833.83,6.06
1897,362,43,4,3037.73,0.71
1898,236,81,1,8641.03,16.41
1899,826,78,1,9950.95,4.57
1900,596,20,2,3393.41,6.33
1901,222,37,1,9419.31,17.13
1902,978,64,2,4133.09,19.41
1903,888,94,5,8703.28,16.68
1904,619,58,5,7566.62,16.38
1905,396,39,1,9074.31,2.23
1906,230,27,3,6792.3,8.45
1907,592,26,1,2450.24,0.82
1908,791,92,1,5135.05,17.07
1909,489,80,2,7278.43,9.48
1910,545,35,3,1048.26,4.69
1911,476,84,1,4779.49,10.49
1912,283,17,1,6882.21,0.05
1913,897,96,1,2862.18,18.82
1914,691,38,2,2033.62,14.04
1915,643,28,2,3791.25,1.44
1916,386,7,3,8016.14,7.01
1917,973,73,4,5234.06,15.88
1918,759,90,4,7050.38,19.75
1919,785,55,5,9014.22,16.19
1920,20,26,5,5283.69,15.68
1921,956,16,1,4385.1,19.22
1922,506,50,1,2587.66,5.03
1923,686,31,5,5894.46,5.51
1924,491,96,2,5333.33,5.43
1925,854,43,2,6378.93,8.46
1926,873,14,3,5871.23,5.99
1927,776,13,1,8539.89,0.66
1928,75,41,4,762.09,10.3
1929,953,44,2,8023.18,18.62
1930,631,9,1,7358.76,3.49
1931,745,74,2,8173.52,13.77
1932,282,39,4,2450.23,6.41
1933,913,14,5,3985.28,18.4
1934,552,93,5,9852.7,0.94
1935,524,97,2,1829.16,17.12
1936,575,27,5,3803.63,16.01
1937,845,61,2,1437.83,1.42
1938,639,44,2,6993.2,8.26
1939,142,13,2,6556.38,19.34
1940,805,13,1,5920.84,13.21
1941,213,75,1,8577.68,16.34
1942,745,21,4,5386.0,1.84
1943,587,86,2,3819.13,0.44
1944,735,41,2,7989.62,16.72
1945,860,55,3,8065.07,3.82
1946,331,70,5,1854.12,1.9
1947,724,87,5,9904.13,17.08
1948,311,60,4,7792.42,15.58
1949,561,28,2,3124.47,8.14
1950,311,43,4,9987.96,8.92
1951,340,76,2,7155.14,7.71
1952,709,59,2,1078.82,8.94
1953,577,43,2,1075.3,14.19
1954,782,57,4,4240.57,5.09
1955,160,98,1,350.88,18.91
1956,906,22,1,8342.5,19.18
1957,292,96,2,9272.63,1.51
1958,65,3,5,8100.39,13.82
1959,540,96,4,5001.4,15.26
1960,365,46,5,1799.95,15.26
1961,44,95,5,2265.04,13.77
1962,224,54,3,1790.13,2.65
1963,833,6,1,5697.39,15.48
1964,924,86,3,3942.38,11.46
1965,788,60,3,5351.19,6.16
1966,716,96,4,2736.82,1.96
1967,399,99,1,8908.0,14.26
1968,612,97,4,1311.6,17.98
1969,723,7,2,1750.29,19.98
1970,951,59,2,1663.4,6.31
1971,753,4,4,441.83,10.24
1972,268,58,4,2430.8,5.32
1973,376,40,3,685.79,2.08
1974,575,51,2,948.85,9.51
1975,132,93,3,747.65,0.12
1976,179,92,1,6724.38,13.37
1977,427,44,2,8707.85,18.22
1978,429,58,1,2813.59,4.23
1979,484,14,3,7023.69,3.22
1980,7,91,3,6761.36,9.04
1981,443,67,3,8039.11,1.17
1982,794,41,3,502.27,17.31
1983,996,24,5,7688.62,18.36
1984,962,11,1,2810.45,19.04
1985,571,53,3,2961.25,19.73
1986,475,19,3,6716.77,16.22
1987,967,6,2,9659.6,12.6
1988,987,46,2,7491.75,11.84
1989,805,42,3,3274.9,5.45
1990,311,64,2,8170.47,19.94
1991,238,17,2,1089.92,5.37
1992,392,63,1,1632.97,9.54
1993,886,4,4,3322.73,1.9
1994,421,73,2,348.09,11.38
1995,377,62,4,4681.83,11.51
1996,289,80,3,4405.91,2.3
1997,298,9,3,3709.71,10.18
1998,131,4,1,8288.93,4.2
1999,131,31,1,8128.24,19.73
2000,416,13,2,2451.05,13.18
